pl_name,hostname,sy_snum,sy_pnum,discoverymethod,disc_year,disc_facility,lat,long,pl_orbper,pl_rade,pl_bmasse,pl_orbeccen,pl_insol,st_met,sy_dist,st_logg,pl_orbsmax
1RXS J160929.1-210524 b,1RXS J160929.1-210524,1,1,Imaging,2008,Gemini Observatory,19.8238,-155.4689,11.561052,18.647,3000,0,98.57,0.02,139.135,4,330
2M0437 b,2MASS J04372171+2651014,1,1,Imaging,2021,Subaru Telescope,19.8255,-155.476,11.561052,13,1271.31363,0,98.57,0.02,128.484,4.5,118
2MASS J01033563-5515561 AB b,2MASS J01033563-5515561 A,2,1,Imaging,2013,2013,-24.628,-70.40489,11.561052,12.3,4131.79,0,98.57,0.02,47.2,0,84
2MASS J01225093-2439505 b,2MASS J01225093-2439505,1,1,Imaging,2013,W. M. Keck Observatory,19.82636111,-155.4750111,11.561052,11.209,7786.5,0,98.57,0.02,33.8281,4.86,52
2MASS J02192210-3925225 b,2MASS J02192210-3925225,1,1,Imaging,2015,Cerro Tololo Inter-American Observatory,-30.169,-70.804,11.561052,16.141,4417.837,0,98.57,0.02,40.0896412,4.59,156
2MASS J04414489+2301513 b,2MASS J04414489+2301513,1,1,Imaging,2010,Hubble Space Telescope,0,20,11.561052,12.6,2383.6,0,98.57,0.02,120.423987,5.01,15
2MASS J12073346-3932539 b,2MASS J12073346-3932539,1,1,Imaging,2004,Paranal Observatory,-24.628,-70.40489,11.561052,12.9,1589.15,0,98.57,0.02,64.308,5.03,55
2MASS J19383260+4603591 b,2MASS J19383260+4603591,2,3,Eclipse Timing Variations,2015,Kepler,0,0,11.561052,13.4,603.877,0.33,98.57,0.02,396.332,5.51,0.92
2MASS J22362452+4751425 b,2MASS J22362452+4751425,1,1,Imaging,2016,W. M. Keck Observatory,19.82636111,-155.4750111,11.561052,12.3,3972.875,0,98.57,0.02,69.5737,4.62,230
51 Eri b,51 Eri,3,1,Imaging,2015,Gemini Observatory,19.8238,-155.4689,11.561052,13.4,635.66,0.45,98.57,0.02,29.7575,4.31,13.2
AB Aur b,AB Aur,1,1,Imaging,2022,Subaru Telescope,19.8255,-155.476,11.561052,12.5,2860.45566,0.4,98.57,0.02,162.127,3.77,93.9
AB Pic b,AB Pic,1,1,Imaging,2005,Paranal Observatory,-24.628,-70.40489,11.561052,12.3,4290.5,0,98.57,0.02,50.0475,4.53,260
AF Lep b,AF Lep,1,1,Imaging,2023,Paranal Observatory,-24.628,-70.40489,11.561052,13.1,1017.0509,0.24,98.57,0.02,26.8564,4.4,8.4
AU Mic d,AU Mic,1,3,Transit Timing Variations,2023,Multiple Observatories,40,20,11.561052,1.02,1.053,0.00305,98.57,0.02,9.7221,4.4,0
BD+60 1417 b,BD+60 1417,1,1,Imaging,2021,Wide-field Infrared Survey Explorer (WISE) Sat,30,30,11.561052,14.684,4767.4261,0,98.57,0.02,44.9543,4.55,1662
CFBDSIR J145829+101343 b,CFBDSIR J145829+101343,1,1,Imaging,2011,W. M. Keck Observatory,19.82636111,-155.4750111,11.561052,12.4,3337.1,0,98.57,0.02,23.1,4.72,2.6
CFHTWIR-Oph 98 b,CFHTWIR-Oph 98 A,1,1,Imaging,2021,Hubble Space Telescope,0,20,11.561052,20.849,2479.06157,0,98.57,0.02,411.144,3.85,200
CHXR 73 b,CHXR 73,1,1,Imaging,2006,Hubble Space Telescope,0,20,11.561052,12.3,3994.486,0,98.57,0.02,411.144,0,210
COCONUTS-2 b,COCONUTS-2 A,1,1,Imaging,2021,NASA Infrared Telescope Facility (IRTF),19.8262,-155.4719,11.561052,12.442,2002.31896,0,98.57,0.02,411.144,4.83,7506
CT Cha b,CT Cha,1,1,Imaging,2007,Paranal Observatory,-24.628,-70.40489,11.561052,24.66,5403,0,98.57,0.02,411.144,3.66,440
DE CVn b,DE CVn,2,1,Eclipse Timing Variations,2018,Multiple Facilities,75,-120,11.561052,12.4,3823.2733,0,98.57,0.02,411.144,4.8,5.75
DENIS-P J082303.1-491201 b,DENIS-P J082303.1-491201,1,1,Astrometry,2013,Paranal Observatory,-24.628,-70.40489,11.561052,11.9,9057.77,0.345,98.57,0.02,411.144,0,0.36
DH Tau b,DH Tau,1,1,Imaging,2004,Subaru Telescope,19.8255,-155.476,11.561052,30.264,3496,0,98.57,0.02,411.144,4,330
DP Leo b,DP Leo,2,1,Eclipse Timing Variations,2009,Yunnan Astronomical Observatory,25.0222,102.79,11.561052,12.7,1995.88832,0.39,98.57,0.02,411.144,0,8.19
FU Tau b,FU Tau,1,1,Imaging,2008,Spitzer Space Telescope,0,0,11.561052,12.2,5085.28,0,98.57,0.02,411.144,0,800
GJ 504 b,GJ 504,1,1,Imaging,2013,Subaru Telescope,19.8255,-155.476,11.561052,13,1271.3,0,98.57,0.02,411.144,4.6,43.5
GJ 896 A b,GJ 896 A,2,1,Astrometry,2022,Very Long Baseline Array,19.8016,-155.4556,11.561052,13.3,718.2922,0.35,98.57,0.02,411.144,4.83,0.63965
GQ Lup b,GQ Lup,1,1,Imaging,2004,Paranal Observatory,-24.628,-70.40489,11.561052,33.6,6356,0,98.57,0.02,411.144,3.65,100
GSC 06214-00210 b,GSC 06214-00210,1,1,Imaging,2010,Palomar Observatory,33.3563,-116.865,11.561052,20.176,5000,0,98.57,0.02,411.144,4.37,320
GU Psc b,GU Psc,1,1,Imaging,2014,Gemini Observatory,19.8238,-155.4689,11.561052,14.179,3591.3,0,98.57,0.02,411.144,4.78,2000
HD 100546 b,HD 100546,1,1,Imaging,2014,Paranal Observatory,-24.628,-70.40489,11.561052,77.342,2701.54146,0,98.57,0.02,411.144,4.33,53
HD 106906 b,HD 106906,1,1,Imaging,2013,Las Campanas Observatory,-29.0146,-70.6926,11.561052,12.4,3496,0,98.57,0.02,411.144,3.9,650
HD 169142 b,HD 169142,1,1,Imaging,2023,Paranal Observatory,-24.628,-70.40489,11.561052,13.1,953.48522,0,98.57,0.02,411.144,4.28,37.2
HD 203030 b,HD 203030,1,1,Imaging,2006,Palomar Observatory,33.3563,-116.865,11.561052,14.46,3496.11248,0,98.57,0.02,411.144,4.64,487.1
HD 206893 b,HD 206893,1,2,Imaging,2021,Gemini Observatory,19.8238,-155.4689,11.561052,14.011,8899.1954,0.14,98.57,0.02,411.144,4.45,9.6
HD 206893 c,HD 206893,1,2,Imaging,2022,European Southern Observatory,48.2596,11.671,11.561052,16.365,4036.42077,0.41,98.57,0.02,411.144,4.34,3.53
HD 95086 b,HD 95086,1,1,Imaging,2013,Paranal Observatory,-24.628,-70.40489,11.561052,12.9,1589,0,98.57,0.02,411.144,4.34,55.7
HD 97048 b,HD 97048,1,1,Disk Kinematics,2019,Atacama Large Millimeter Array (ALMA),-23.0235,-67.7539,11.561052,13.3,794.575,0,98.57,0.02,411.144,4.14,130
HIP 21152 b,HIP 21152,2,1,Imaging,2022,Multiple Observatories,40,20,11.561052,12,7627.88177,0.36,98.57,0.02,411.144,4.3,17
HIP 65426 b,HIP 65426,1,1,Imaging,2017,Paranal Observatory,-24.628,-70.40489,11.561052,16.814,2860.47,0,98.57,0.02,411.144,4.32,92
HIP 66074 b,HIP 66074,1,1,Astrometry,2023,European Space Agency (ESA) Gaia Satellite,-30,90,11.561052,12.9,1589.14204,0.948,98.57,0.02,411.144,4.58,0.799
HIP 78530 b,HIP 78530,1,1,Imaging,2010,Gemini Observatory,19.8238,-155.4689,11.561052,12,7300,0,98.57,0.02,411.144,4.13,740
HIP 79098 AB b,HIP 79098 AB,2,1,Imaging,2019,Paranal Observatory,-24.628,-70.40489,11.561052,12.1,6515.515,0,98.57,0.02,411.144,0,345
HIP 81208 C b,HIP 81208 C,3,1,Imaging,2023,Paranal Observatory,-24.628,-70.40489,11.561052,12.3,4703.86042,0,98.57,0.02,411.144,0,23.04
HIP 99770 b,HIP 99770,1,1,Imaging,2023,Multiple Observatories,40,20,11.561052,12.2,5117.03735,0.25,98.57,0.02,411.144,4.14,16.9
HN Peg b,HN Peg,1,1,Imaging,2006,Spitzer Space Telescope,0,0,11.561052,11.777,6991.57,0,98.57,0.02,411.144,4.48,773
HR 2562 b,HR 2562,1,1,Imaging,2016,Gemini Observatory,19.8238,-155.4689,11.561052,12.442,9534.9,0,98.57,0.02,411.144,4.4,20.3
HR 8799 b,HR 8799,1,4,Imaging,2008,Gemini Observatory,19.8238,-155.4689,11.561052,13,2000,0,98.57,0.02,411.144,4.3,68
HR 8799 c,HR 8799,1,4,Imaging,2008,Gemini Observatory,19.8238,-155.4689,11.561052,13,3000,0.5,98.57,0.02,411.144,4.3,38
HR 8799 d,HR 8799,1,4,Imaging,2008,W. M. Keck Observatory,19.82636111,-155.4750111,11.561052,13,3000,0.6,98.57,0.02,411.144,4.3,24
HR 8799 e,HR 8799,1,4,Imaging,2010,W. M. Keck Observatory,19.82636111,-155.4750111,11.561052,13.115,3178.3,0.15,98.57,0.02,411.144,4,16.4
HU Aqr AB b,HU Aqr,2,2,Eclipse Timing Variations,2011,Yunnan Astronomical Observatory,25.0222,102.79,11.561052,12.8,1875.197,0,98.57,0.02,411.144,0,3.6
HU Aqr AB c,HU Aqr,2,2,Eclipse Timing Variations,2011,Yunnan Astronomical Observatory,25.0222,102.79,11.561052,12.9,1430.235,0.51,98.57,0.02,411.144,0,5.4
KIC 10001893 b,KIC 10001893,1,3,Orbital Brightness Modulation,2014,Kepler,0,0,11.561052,2.776,8.7,0,98.57,0.02,411.144,5.35,0
KIC 10001893 c,KIC 10001893,1,3,Orbital Brightness Modulation,2014,Kepler,0,0,11.561052,2.776,8.7,0,98.57,0.02,411.144,5.35,0
KIC 10001893 d,KIC 10001893,1,3,Orbital Brightness Modulation,2014,Kepler,0,0,11.561052,2.776,8.7,0,98.57,0.02,411.144,5.35,0
KIC 10068024 b,KIC 10068024,1,1,Orbital Brightness Modulation,2021,Kepler,0,0,11.561052,2.776,8.7,0,98.57,0.02,411.144,4.09,0
KIC 5095269 b,KIC 5095269,2,1,Eclipse Timing Variations,2017,Kepler,0,0,11.561052,2.776,8.7,0.0603,98.57,0.02,411.144,4.32,0.8
KIC 5479689 b,KIC 5479689,1,1,Orbital Brightness Modulation,2021,Kepler,0,0,11.561052,2.776,8.7,0,98.57,0.02,411.144,4.52,0
KIC 7917485 b,KIC 7917485,1,1,Pulsation Timing Variations,2016,Kepler,0,0,11.561052,2.776,8.7,0.15,98.57,0.02,411.144,4,0
KIC 8121913 b,KIC 8121913,1,1,Orbital Brightness Modulation,2021,Kepler,0,0,11.561052,2.776,8.7,0,98.57,0.02,411.144,3.9,0
KOI-55 b,KOI-55,1,2,Orbital Brightness Modulation,2011,Kepler,0,0,11.561052,2.776,8.7,0,98.57,0.02,411.144,5.52,0.006
KOI-55 c,KOI-55,1,2,Orbital Brightness Modulation,2011,Kepler,0,0,11.561052,2.776,8.7,0,98.57,0.02,411.144,5.52,0.0076
KOI-984 c,KOI-984,1,2,Transit Timing Variations,2022,Kepler,0,0,11.561052,2.776,8.7,0.38,98.57,0.02,411.144,4.54,0.1467
Kepler-122 f,Kepler-122,1,5,Transit Timing Variations,2014,Kepler,0,0,11.561052,2.776,8.7,0,98.57,0.02,411.144,4.35,0.287
Kepler-138 e,Kepler-138,1,4,Transit Timing Variations,2022,Multiple Observatories,40,20,11.561052,2.776,8.7,0.112,98.57,0.02,411.144,4.71,0.1803
Kepler-1513 c,Kepler-1513,1,2,Transit Timing Variations,2023,Multiple Observatories,40,20,11.561052,2.776,8.7,0.125,98.57,0.02,411.144,4.46,0
Kepler-160 d,Kepler-160,1,3,Transit Timing Variations,2020,Kepler,0,0,11.561052,2.776,8.7,0,98.57,0.02,411.144,4.47,0.17
Kepler-19 c,Kepler-19,1,3,Transit Timing Variations,2011,Kepler,0,0,11.561052,2.776,8.7,0.21,98.57,0.02,411.144,4.51,0
Kepler-1976 b,Kepler-1976,1,1,Transit Timing Variations,2023,Kepler,0,0,11.561052,2.776,8.7,0,98.57,0.02,411.144,4.36,0.0565
Kepler-338 e,Kepler-338,1,4,Transit Timing Variations,2014,Kepler,0,0,11.561052,2.776,8.7,0.05,98.57,0.02,411.144,4.02,0.0893
Kepler-37 e,Kepler-37,1,4,Transit Timing Variations,2014,Kepler,0,0,11.561052,2.776,8.7,0,98.57,0.02,411.144,4.61,0.246
Kepler-411 e,Kepler-411,2,4,Transit Timing Variations,2018,Kepler,0,0,11.561052,2.776,8.7,0.016,98.57,0.02,411.144,4.6,0.186
Kepler-414 b,Kepler-414,1,2,Transit Timing Variations,2014,Kepler,0,0,11.561052,2.776,8.7,0,98.57,0.02,411.144,4.47,0.0527
Kepler-414 c,Kepler-414,1,2,Transit Timing Variations,2014,Kepler,0,0,11.561052,2.776,8.7,0,98.57,0.02,411.144,4.47,0.0699
Kepler-415 b,Kepler-415,1,2,Transit Timing Variations,2014,Kepler,0,0,11.561052,2.776,8.7,0,98.57,0.02,411.144,4.62,0.0426
Kepler-415 c,Kepler-415,1,2,Transit Timing Variations,2014,Kepler,0,0,11.561052,2.776,8.7,0,98.57,0.02,411.144,4.62,0.0695
Kepler-416 b,Kepler-416,1,3,Transit Timing Variations,2014,Kepler,0,0,11.561052,2.776,8.7,0,98.57,0.02,411.144,4.42,0.0658
Kepler-416 c,Kepler-416,1,3,Transit Timing Variations,2014,Kepler,0,0,11.561052,2.776,8.7,0,98.57,0.02,411.144,4.42,0.1021
Kepler-417 b,Kepler-417,1,2,Transit Timing Variations,2014,Kepler,0,0,11.561052,2.776,8.7,0,98.57,0.02,411.144,4.57,0.1006
Kepler-417 c,Kepler-417,1,2,Transit Timing Variations,2014,Kepler,0,0,11.561052,2.776,8.7,0,98.57,0.02,411.144,4.57,0.1194
Kepler-419 c,Kepler-419,1,2,Transit Timing Variations,2014,Kepler,0,0,11.561052,2.776,8.7,0.184,98.57,0.02,411.144,4.1,1.68
Kepler-448 c,KOI-12,1,2,Transit Timing Variations,2017,Kepler,0,0,11.561052,2.776,8.7,0.65,98.57,0.02,411.144,4.31,4.2
Kepler-451 c,2MASS J19383260+4603591,2,3,Eclipse Timing Variations,2022,Multiple Observatories,40,20,11.561052,2.776,8.7,0.29,98.57,0.02,411.144,5.51,0
Kepler-451 d,2MASS J19383260+4603591,2,3,Eclipse Timing Variations,2022,Multiple Observatories,40,20,11.561052,2.776,8.7,0,98.57,0.02,411.144,5.51,0
Kepler-46 c,Kepler-46,1,3,Transit Timing Variations,2012,Kepler,0,0,11.561052,2.776,8.7,0.0146,98.57,0.02,411.144,4.45,0.2799
Kepler-539 c,Kepler-539,1,2,Transit Timing Variations,2016,Kepler,0,0,11.561052,2.776,8.7,0.5,98.57,0.02,411.144,4.5,2.42
Kepler-76 b,Kepler-76,1,1,Orbital Brightness Modulation,2013,Kepler,0,0,11.561052,2.776,8.7,0,98.57,0.02,411.144,4.2,0.0274
Kepler-82 f,Kepler-82,1,5,Transit Timing Variations,2019,KOINet,-34.5805,19.3518,11.561052,2.776,8.7,0.0014,98.57,0.02,411.144,4.49,0.3395
LkCa 15 b,LkCa 15,1,2,Imaging,2015,Large Binocular Telescope Observatory,32.7014,-109.8892,11.561052,2.776,8.7,0,98.57,0.02,411.144,3.65,14.7
LkCa 15 c,LkCa 15,1,2,Imaging,2015,Large Binocular Telescope Observatory,32.7014,-109.8892,11.561052,2.776,8.7,0,98.57,0.02,411.144,3.65,18.6
MWC 758 c,MWC 758,1,1,Imaging,2023,Large Binocular Telescope Observatory,32.7014,-109.8892,11.561052,2.776,8.7,0,98.57,0.02,411.144,4.05,100
MXB 1658-298 b,MXB 1658-298,2,1,Eclipse Timing Variations,2017,Multiple Observatories,40,20,11.561052,2.776,7532.571,0,98.57,0.02,411.144,0,1.613
NN Ser c,NN Ser,2,2,Eclipse Timing Variations,2010,Multiple Observatories,40,20,11.561052,2.776,2329.6,0.08,98.57,0.02,411.144,0,5.35
NN Ser d,NN Ser,2,2,Eclipse Timing Variations,2010,Multiple Observatories,40,20,11.561052,2.776,731,0.19,98.57,0.02,411.144,0,3.43
NSVS 14256825 b,NSVS 14256825,2,1,Eclipse Timing Variations,2019,Multiple Observatories,40,20,11.561052,2.776,4497.2945,0.12,98.57,0.02,411.144,5.5,3.12
NY Vir b,NY Vir,2,2,Eclipse Timing Variations,2011,Multiple Observatories,40,20,11.561052,2.776,730.978,0.15,98.57,0.02,411.144,5.74,3.3
NY Vir c,NY Vir,2,2,Eclipse Timing Variations,2019,Winer Observatory,31.6657,-110.6018,11.561052,2.776,1760.7782,0.15,98.57,0.02,411.144,5.74,0
Oph 11 b,Oph 11,1,1,Imaging,2006,Gemini Observatory,19.8238,-155.4689,11.561052,2.776,4449.62,0,98.57,0.02,411.144,4.25,243
PDS 70 b,PDS 70,1,2,Imaging,2018,Paranal Observatory,-24.628,-70.40489,11.561052,2.776,953.49,0.19,98.57,0.02,411.144,3.68,20
PDS 70 c,PDS 70,1,2,Imaging,2019,European Southern Observatory,48.2596,11.671,11.561052,2.776,635.66,0.11,98.57,0.02,411.144,3.68,34
PSR B0329+54 b,PSR B0329+54,1,1,Pulsar Timing,2017,Multiple Facilities,75,-120,11.561052,2.776,1.97,0.236,98.57,0.02,411.144,0,10.26
PSR B1257+12 b,PSR B1257+12,1,3,Pulsar Timing,1994,Arecibo Observatory,18.3441,-66.7527,11.561052,2.776,0.02,0,98.57,0.02,411.144,0,0.19
PSR B1257+12 c,PSR B1257+12,1,3,Pulsar Timing,1992,Arecibo Observatory,18.3441,-66.7527,11.561052,2.776,4.3,0.0186,98.57,0.02,411.144,0,0.36
PSR B1257+12 d,PSR B1257+12,1,3,Pulsar Timing,1992,Arecibo Observatory,18.3441,-66.7527,11.561052,2.776,3.9,0.0264,98.57,0.02,411.144,0,0.46
PSR B1620-26 b,PSR B1620-26,2,1,Pulsar Timing,2003,Hubble Space Telescope,0,20,11.561052,2.776,794.575,0,98.57,0.02,411.144,0,23
PSR J1719-1438 b,PSR J1719-1438,1,1,Pulsar Timing,2011,Parkes Observatory,-32.9986,148.2621,11.561052,2.776,382.8,0.06,98.57,0.02,411.144,0,0.0044
PSR J2322-2650 b,PSR J2322-2650,1,1,Pulsar Timing,2017,Parkes Observatory,-32.9986,148.2621,11.561052,2.776,252.64307,0.0017,98.57,0.02,411.144,0,0.0102
PZ Tel b,PZ Tel,1,1,Imaging,2023,W. M. Keck Observatory,19.82636111,-155.4750111,11.561052,2.776,8581.36699,0.52,98.57,0.02,411.144,4.18,27
ROXs 12 b,ROXs 12,2,1,Imaging,2013,W. M. Keck Observatory,19.82636111,-155.4750111,11.561052,2.776,5085,0.83,98.57,0.02,411.144,4.07,210
ROXs 42 B b,ROXs 42 B,2,1,Imaging,2013,Multiple Observatories,40,20,11.561052,2.776,2860,0.58,98.57,0.02,411.144,0,157
RR Cae b,RR Cae,2,1,Eclipse Timing Variations,2012,Leoncito Astronomical Complex,-31.798611,-69.295611,11.561052,2.776,1334.886,0,98.57,0.02,411.144,5.08,5.3
Ross 458 c,Ross 458,2,1,Imaging,2010,Las Campanas Observatory,-29.0146,-70.6926,11.561052,2.776,1906.98,0,98.57,0.02,411.144,4.68,1100
SR 12 AB c,SR 12 AB,2,1,Imaging,2010,Infrared Survey Facility,-30,60,11.561052,2.776,4131.62,0,98.57,0.02,411.144,0,0
TOI-199 c,TOI-199,1,2,Transit Timing Variations,2023,Multiple Observatories,40,20,11.561052,2.776,88.99195,0.096,98.57,0.02,411.144,4.58,0.807
TOI-2202 c,TOI-2202,1,2,Transit Timing Variations,2021,Multiple Observatories,40,20,11.561052,2.776,117.27868,0.0622,98.57,0.02,411.144,4.55,0.15544
TYC 8998-760-1 b,TYC 8998-760-1,1,2,Imaging,2020,Paranal Observatory,-24.628,-70.40489,11.561052,2.776,4449.62,0,98.57,0.02,411.144,4.29,162
TYC 8998-760-1 c,TYC 8998-760-1,1,2,Imaging,2020,Paranal Observatory,-24.628,-70.40489,11.561052,2.776,1906.98,0,98.57,0.02,411.144,4.29,320
USco CTIO 108 b,USco CTIO 108,1,1,Imaging,2008,Teide Observatory,28.4744,-16.3089,11.561052,2.776,4449.62,0,98.57,0.02,411.144,4.88,670
USco1556 b,USco1556 A,1,1,Imaging,2019,Multiple Observatories,40,20,11.561052,2.776,4767.45,0,98.57,0.02,411.144,4.59,3500
USco1621 b,USco1621 A,1,1,Imaging,2019,Multiple Observatories,40,20,11.561052,2.776,5085.28,0,98.57,0.02,411.144,4.25,2880
UZ For b,UZ For,2,2,Eclipse Timing Variations,2011,Multiple Observatories,40,20,11.561052,2.776,2002.2,0.04,98.57,0.02,411.144,0,5.9
UZ For c,UZ For,2,2,Eclipse Timing Variations,2011,Multiple Observatories,40,20,11.561052,2.776,2447.2,0.05,98.57,0.02,411.144,0,2.8
V0391 Peg b,V0391 Peg,1,1,Pulsation Timing Variations,2007,Multiple Observatories,40,20,11.561052,13.1,1017.056,0,98.57,0.02,411.144,5.4,1.7
VHS J125601.92-125723.9 b,VHS J125601.92-125723.9,2,1,Imaging,2015,Paranal Observatory,-24.628,-70.40489,11.561052,13.675,5085.25451,0.68,98.57,0.02,411.144,5.05,350
WASP-126 c,WASP-126,1,2,Transit Timing Variations,2019,Transiting Exoplanet Survey Satellite (TESS),30,-60,11.561052,9.38,64.2,0.05,98.57,0.02,411.144,4.28,0
WASP-18 c,WASP-18,2,2,Transit Timing Variations,2019,Transiting Exoplanet Survey Satellite (TESS),30,-60,11.561052,8.58,55.2,0.015,98.57,0.02,411.144,4.37,0.035
WD 0806-661 b,WD 0806-661,1,1,Imaging,2011,Spitzer Space Telescope,0,0,11.561052,12.6,2542.62726,0,98.57,0.02,411.144,0,2500
WISE J033605.05-014350.4 b,WISE J033605.05-014350.4,1,1,Imaging,2023,James Webb Space Telescope (JWST),0,30,11.561052,12.6,2622.08436,0,98.57,0.02,411.144,0,0.97
WISEP J121756.91+162640.2 A b,WISEP J121756.91+162640.2 A,1,1,Imaging,2012,W. M. Keck Observatory,19.82636111,-155.4750111,11.561052,10.468,6992,0,98.57,0.02,411.144,5,8
YSES 2 b,YSES 2,1,1,Imaging,2021,Paranal Observatory,-24.628,-70.40489,11.561052,12.7,2002.31896,0,98.57,0.02,411.144,4.25,115
b Cen AB b,b Cen A,2,1,Imaging,2021,Paranal Observatory,-24.628,-70.40489,11.561052,12.4,3464.32964,0.4,98.57,0.02,411.144,0,556
bet Pic b,bet Pic,1,2,Imaging,2008,Paranal Observatory,-24.628,-70.40489,11.561052,18.495,3727.80939,0.106,98.57,0.02,411.144,4.35,10.018
kap And b,kap And,1,1,Imaging,2012,Subaru Telescope,19.8255,-155.476,11.561052,12.3,4327.36,0,98.57,0.02,411.144,3.78,55
mu2 Sco b,mu2 Sco,1,1,Imaging,2022,Paranal Observatory,-24.628,-70.40489,11.561052,12.3,4576.72906,0.56,98.57,0.02,411.144,3.8,242.4
K2-2016-BLG-0005L b,K2-2016-BLG-0005L,1,1,Microlensing,2023,K2,0,0,4700,13.7,349.61125,0,98.57,0.02,5200,0,4.16
OGLE-2003-BLG-235L b,OGLE-2003-BLG-235L,1,1,Microlensing,2004,OGLE,-29.0146,-70.6926,11.561052,13.2,830,0,98.57,0.02,5800,0,4.3
OGLE-2005-BLG-071L b,OGLE-2005-BLG-071L,1,1,Microlensing,2005,OGLE,-29.0146,-70.6926,11.561052,13,1200,0,98.57,0.02,3200,0,3.6
OGLE-2005-BLG-169L b,OGLE-2005-BLG-169L,1,1,Microlensing,2006,OGLE,-29.0146,-70.6926,11.561052,3.84,14.1,0,98.57,0.02,4100,0,3.5
OGLE-2005-BLG-390L b,OGLE-2005-BLG-390L,1,1,Microlensing,2005,OGLE,-29.0146,-70.6926,3285,2.21,5.5,0,98.57,0.02,6600,0,2.6
OGLE-2006-BLG-109L b,OGLE-2006-BLG-109L,1,2,Microlensing,2008,OGLE,-29.0146,-70.6926,1788.5,14,231,0,98.57,0.02,1510,0,2.3
OGLE-2006-BLG-109L c,OGLE-2006-BLG-109L,1,2,Microlensing,2008,OGLE,-29.0146,-70.6926,4927.5,11.1,86,0.15,98.57,0.02,1510,0,4.5
OGLE-2006-BLG-284L A b,OGLE-2006-BLG-284L A,2,1,Microlensing,2020,OGLE,-29.0146,-70.6926,11.561052,14.3,144,0,98.57,0.02,4000,0,2.17
OGLE-2007-BLG-349L AB c,OGLE-2007-BLG-349L A,2,1,Microlensing,2016,OGLE,-29.0146,-70.6926,2557,10.7,80,0,98.57,0.02,2760,0,2.59
OGLE-2007-BLG-368L b,OGLE-2007-BLG-368L,1,1,Microlensing,2009,OGLE,-29.0146,-70.6926,11.561052,4.72,20,0,98.57,0.02,5900,0,2.8
OGLE-2008-BLG-092L b,OGLE-2008-BLG-092L,2,1,Microlensing,2014,OGLE,-29.0146,-70.6926,11.561052,8.74,57,0,98.57,0.02,8100,0,15
OGLE-2008-BLG-355L b,OGLE-2008-BLG-355L,1,1,Microlensing,2014,OGLE,-29.0146,-70.6926,11.561052,12.9,1500,0,98.57,0.02,6800,0,1.7
OGLE-2011-BLG-0173L b,OGLE-2011-BLG-0173L,1,1,Microlensing,2018,OGLE,-29.0146,-70.6926,11.561052,9.01,60,0,98.57,0.02,6100,0,8
OGLE-2011-BLG-0251L b,OGLE-2011-BLG-0251L,1,1,Microlensing,2012,OGLE,-29.0146,-70.6926,11.561052,14.2,170,0,98.57,0.02,2570,0,2.72
OGLE-2011-BLG-0265L b,OGLE-2011-BLG-0265L,1,1,Microlensing,2015,OGLE,-29.0146,-70.6926,11.561052,13.9,280,0,98.57,0.02,4380,0,1.89
OGLE-2012-BLG-0026L b,OGLE-2012-BLG-0026L,1,2,Microlensing,2012,OGLE,-29.0146,-70.6926,11.561052,7.72,46.1,0,98.57,0.02,4019,0,4
OGLE-2012-BLG-0026L c,OGLE-2012-BLG-0026L,1,2,Microlensing,2012,OGLE,-29.0146,-70.6926,11.561052,13.9,270,0,98.57,0.02,4019,0,4.8
OGLE-2012-BLG-0358L b,OGLE-2012-BLG-0358L,1,1,Microlensing,2013,OGLE,-29.0146,-70.6926,11.561052,13.4,588,0,98.57,0.02,1760,0,0.87
OGLE-2012-BLG-0406L b,OGLE-2012-BLG-0406L,1,1,Microlensing,2013,OGLE,-29.0146,-70.6926,11.561052,13.2,868,0,98.57,0.02,4970,0,3.45
OGLE-2012-BLG-0563L b,OGLE-2012-BLG-0563L,1,1,Microlensing,2015,OGLE,-29.0146,-70.6926,11.561052,13.6,120,0,98.57,0.02,1300,0,0.74
OGLE-2012-BLG-0724L b,OGLE-2012-BLG-0724L,1,1,Microlensing,2016,OGLE,-29.0146,-70.6926,11.561052,14.3,150,0,98.57,0.02,6700,0,1.6
OGLE-2012-BLG-0838L b,OGLE-2012-BLG-0838L,1,1,Microlensing,2020,OGLE,-29.0146,-70.6926,11.561052,8.39,53.1,0,98.57,0.02,6320,0,4.43
OGLE-2012-BLG-0950L b,OGLE-2012-BLG-0950L,1,1,Microlensing,2016,OGLE,-29.0146,-70.6926,11.561052,6.56,35,0,98.57,0.02,2600,0,2.6
OGLE-2013-BLG-0102L b,OGLE-2013-BLG-0102L,1,1,Microlensing,2014,OGLE,-29.0146,-70.6926,11.561052,12.3,4100,0,98.57,0.02,3040,0,0.8
OGLE-2013-BLG-0132L b,OGLE-2013-BLG-0132L,1,1,Microlensing,2017,OGLE,-29.0146,-70.6926,11.561052,11.6,92,0,98.57,0.02,3900,0,3.6
OGLE-2013-BLG-0341L B b,OGLE-2013-BLG-0341L B,2,1,Microlensing,2014,OGLE,-29.0146,-70.6926,11.561052,1.16,1.66,0,98.57,0.02,911,0,0.702
OGLE-2013-BLG-0911L b,OGLE-2013-BLG-0911L,1,1,Microlensing,2019,OGLE,-29.0146,-70.6926,11.561052,12.5,3020,0,98.57,0.02,3220,0,0.39
OGLE-2013-BLG-1721L b,OGLE-2013-BLG-1721L,1,1,Microlensing,2017,OGLE,-29.0146,-70.6926,11.561052,14.1,200,0,98.57,0.02,6300,0,2.6
OGLE-2013-BLG-1761L b,OGLE-2013-BLG-1761L,1,1,Microlensing,2018,OGLE,-29.0146,-70.6926,11.561052,13.2,860,0,98.57,0.02,6900,0,1.8
OGLE-2014-BLG-0124L b,OGLE-2014-BLG-0124L,1,1,Microlensing,2015,OGLE,-29.0146,-70.6926,11.561052,14.1,206.58846,0,98.57,0.02,3500,0,3.48
OGLE-2014-BLG-0319L b,OGLE-2014-BLG-0319L,1,1,Microlensing,2022,OGLE,-29.0146,-70.6926,11.561052,14.1,181.16219,0,98.57,0.02,7730,0,3.49
OGLE-2014-BLG-0676L b,OGLE-2014-BLG-0676L,1,1,Microlensing,2016,OGLE,-29.0146,-70.6926,11.561052,13,1169.60854,0,98.57,0.02,2670,0,4.53
OGLE-2014-BLG-1722L b,OGLE-2014-BLG-1722L,1,2,Microlensing,2018,OGLE,-29.0146,-70.6926,11.561052,8.59,55.3,0,98.57,0.02,6400,0,1.5
OGLE-2014-BLG-1722L c,OGLE-2014-BLG-1722L,1,2,Microlensing,2018,OGLE,-29.0146,-70.6926,11.561052,11,83.7,0,98.57,0.02,6400,0,1.7
OGLE-2014-BLG-1760L b,OGLE-2014-BLG-1760L,1,1,Microlensing,2016,OGLE,-29.0146,-70.6926,11.561052,14.2,180,0,98.57,0.02,6860,0,1.75
OGLE-2015-BLG-0051L b,OGLE-2015-BLG-0051L,1,1,Microlensing,2016,OGLE,-29.0146,-70.6926,11.561052,14,230,0,98.57,0.02,8200,0,0.73
OGLE-2015-BLG-0966L b,OGLE-2015-BLG-0966L,1,1,Microlensing,2016,OGLE,-29.0146,-70.6926,11.561052,4.86,21,0,98.57,0.02,3300,0,2.7
OGLE-2015-BLG-1649L b,OGLE-2015-BLG-1649L,1,1,Microlensing,2019,OGLE,-29.0146,-70.6926,11.561052,13.2,807,0,98.57,0.02,4230,0,2.07
OGLE-2015-BLG-1670L b,OGLE-2015-BLG-1670L,1,1,Microlensing,2019,OGLE,-29.0146,-70.6926,11.561052,4.42,17.9,0,98.57,0.02,6700,0,2.62
OGLE-2015-BLG-1771L b,OGLE-2015-BLG-1771L,1,1,Microlensing,2020,OGLE,-29.0146,-70.6926,11.561052,14.3,138,0,98.57,0.02,7070,0,0.85
OGLE-2016-BLG-0263L b,OGLE-2016-BLG-0263L,1,1,Microlensing,2017,OGLE,-29.0146,-70.6926,11.561052,13,1300,0,98.57,0.02,6500,0,5.4
OGLE-2016-BLG-0613L AB b,OGLE-2016-BLG-0613L AB,2,1,Microlensing,2017,OGLE,-29.0146,-70.6926,11.561052,13,1330,0,98.57,0.02,3410,0,6.4
OGLE-2016-BLG-1067L b,OGLE-2016-BLG-1067L,1,1,Microlensing,2019,OGLE,-29.0146,-70.6926,11.561052,14.3,140,0,98.57,0.02,3730,0,1.7
OGLE-2016-BLG-1093 b,OGLE-2016-BLG-1093,1,1,Microlensing,2022,OGLE,-29.0146,-70.6926,11.561052,14,225.65817,0,98.57,0.02,8120,0,2.13
OGLE-2016-BLG-1190L b,OGLE-2016-BLG-1190L,1,1,Microlensing,2017,OGLE,-29.0146,-70.6926,1220,12.3,4253,0.42,98.57,0.02,6770,0,2.17
OGLE-2016-BLG-1195L b,OGLE-2016-BLG-1195L,1,1,Microlensing,2017,OGLE,-29.0146,-70.6926,11.561052,1.11,1.43,0,98.57,0.02,3910,0,1.16
OGLE-2016-BLG-1227L b,OGLE-2016-BLG-1227L,1,1,Microlensing,2020,OGLE,-29.0146,-70.6926,11.561052,13.9,250,0,98.57,0.02,411.144,0,3.4
OGLE-2017-BLG-0173L b,OGLE-2017-BLG-0173L,1,1,Microlensing,2018,OGLE,-29.0146,-70.6926,11.561052,1.62,3.269,0,98.57,0.02,4705,0,3.913
OGLE-2017-BLG-0373L b,OGLE-2017-BLG-0373L,1,1,Microlensing,2018,OGLE,-29.0146,-70.6926,11.561052,14,127,0,98.57,0.02,5915,0,2.424
OGLE-2017-BLG-0406L b,OGLE-2017-BLG-0406L,1,1,Microlensing,2020,OGLE,-29.0146,-70.6926,11.561052,14.2,130,0,98.57,0.02,5200,0,3.5
OGLE-2017-BLG-0482L b,OGLE-2017-BLG-0482L,1,1,Microlensing,2018,OGLE,-29.0146,-70.6926,11.561052,2.95,9,0,98.57,0.02,5800,0,1.8
OGLE-2017-BLG-0604L b,OGLE-2017-BLG-0604L,1,1,Microlensing,2020,OGLE,-29.0146,-70.6926,11.561052,14.2,160,0,98.57,0.02,3950,0,4.06
OGLE-2017-BLG-1049L b,OGLE-2017-BLG-1049L,1,1,Microlensing,2020,OGLE,-29.0146,-70.6926,11.561052,12.8,1760,0,98.57,0.02,5670,0,3.92
OGLE-2017-BLG-1099L b,OGLE-2017-BLG-1099L,1,1,Microlensing,2021,OGLE,-29.0146,-70.6926,11.561052,13.1,959.84179,0,98.57,0.02,7250,0,2.73
OGLE-2017-BLG-1140L b,OGLE-2017-BLG-1140L,1,1,Microlensing,2018,OGLE,-29.0146,-70.6926,11.561052,13.5,505,0,98.57,0.02,411.144,0,1.02
OGLE-2017-BLG-1375L b,OGLE-2017-BLG-1375L,1,1,Microlensing,2020,OGLE,-29.0146,-70.6926,11.561052,12.4,3585,0,98.57,0.02,3930,0,3.04
OGLE-2017-BLG-1434L b,OGLE-2017-BLG-1434L,1,1,Microlensing,2018,OGLE,-29.0146,-70.6926,11.561052,1.94,4.43,0,98.57,0.02,860,0,1.18
OGLE-2017-BLG-1522L b,OGLE-2017-BLG-1522L,1,1,Microlensing,2018,OGLE,-29.0146,-70.6926,11.561052,14,240,0,98.57,0.02,7490,0,0.59
OGLE-2017-BLG-1691L b,OGLE-2017-BLG-1691L,1,1,Microlensing,2022,OGLE,-29.0146,-70.6926,11.561052,3.92,14.62011,0,98.57,0.02,7290,0,2.41
OGLE-2017-BLG-1806L b,OGLE-2017-BLG-1806L,1,1,Microlensing,2023,OGLE,-29.0146,-70.6926,11.561052,2.15,5.27,0,98.57,0.02,6400,0,1.75
OGLE-2018-BLG-0298L b,OGLE-2018-BLG-0298L,1,1,Microlensing,2022,OGLE,-29.0146,-70.6926,11.561052,7.56,44.49598,0,98.57,0.02,6540,0,2.86
OGLE-2018-BLG-0383L b,OGLE-2018-BLG-0383L,1,1,Microlensing,2022,OGLE,-29.0146,-70.6926,11.561052,2.41,6.4,0,98.57,0.02,7700,0,1.8
OGLE-2018-BLG-0506L b,OGLE-2018-BLG-0506L,1,1,Microlensing,2022,OGLE,-29.0146,-70.6926,11.561052,4.18,16.3,0,98.57,0.02,5600,0,3
OGLE-2018-BLG-0516L b,OGLE-2018-BLG-0516L,1,1,Microlensing,2022,OGLE,-29.0146,-70.6926,11.561052,4.73,20.1,0,98.57,0.02,7000,0,2.2
OGLE-2018-BLG-0532L b,OGLE-2018-BLG-0532L,1,1,Microlensing,2020,OGLE,-29.0146,-70.6926,11.561052,2.37,6.228,0,98.57,0.02,773,0,1.064
OGLE-2018-BLG-0567L b,OGLE-2018-BLG-0567L,1,1,Microlensing,2021,OGLE,-29.0146,-70.6926,11.561052,12.3,101.70509,0,98.57,0.02,7060,0,2.72
OGLE-2018-BLG-0596L b,OGLE-2018-BLG-0596L,1,1,Microlensing,2019,OGLE,-29.0146,-70.6926,11.561052,3.81,13.93,0,98.57,0.02,5650,0,0.97
OGLE-2018-BLG-0677L b,OGLE-2018-BLG-0677L,1,1,Microlensing,2020,OGLE,-29.0146,-70.6926,11.561052,1.82,3.96,0,98.57,0.02,7580,0,0.63
OGLE-2018-BLG-0740L b,OGLE-2018-BLG-0740L,1,1,Microlensing,2019,OGLE,-29.0146,-70.6926,5480,12.9,1500,0,98.57,-0.24,3200,4.5,5
OGLE-2018-BLG-0799L b,OGLE-2018-BLG-0799L,1,1,Microlensing,2022,OGLE,-29.0146,-70.6926,11.561052,10.9,82.63539,0,98.57,0.02,4050,0,1.28
OGLE-2018-BLG-0962L b,OGLE-2018-BLG-0962L,1,1,Microlensing,2021,OGLE,-29.0146,-70.6926,11.561052,13.6,425.89007,0,98.57,0.02,6500,0,3.59
OGLE-2018-BLG-0977L b,OGLE-2018-BLG-0977L,1,1,Microlensing,2022,OGLE,-29.0146,-70.6926,11.561052,2.41,6.4,0,98.57,0.02,6500,0,2
OGLE-2018-BLG-1011L b,OGLE-2018-BLG-1011L,1,2,Microlensing,2019,OGLE,-29.0146,-70.6926,11.561052,13.5,570,0,98.57,0.02,7100,0,1.8
OGLE-2018-BLG-1011L c,OGLE-2018-BLG-1011L,1,2,Microlensing,2019,OGLE,-29.0146,-70.6926,11.561052,13.2,890,0,98.57,0.02,7100,0,0.8
OGLE-2018-BLG-1119L b,OGLE-2018-BLG-1119L,1,1,Microlensing,2022,OGLE,-29.0146,-70.6926,11.561052,13.9,289.22385,0,98.57,0.02,5760,0,4.06
OGLE-2018-BLG-1185L b,OGLE-2018-BLG-1185L,1,1,Microlensing,2021,OGLE,-29.0146,-70.6926,11.561052,2.83,8.4,0,98.57,0.02,7400,0,1.54
OGLE-2018-BLG-1269L b,OGLE-2018-BLG-1269L,1,1,Microlensing,2020,OGLE,-29.0146,-70.6926,11.561052,14.1,210,0,98.57,0.02,2510,0,4.51
OGLE-2018-BLG-1428L b,OGLE-2018-BLG-1428L,1,1,Microlensing,2021,OGLE,-29.0146,-70.6926,11.561052,14,240,0,98.57,0.02,6220,0,3.3
OGLE-2018-BLG-1700L b,OGLE-2018-BLG-1700L,2,1,Microlensing,2020,OGLE,-29.0146,-70.6926,11.561052,12.9,1400,0,98.57,0.02,7600,0,2.8
OGLE-2019-BLG-0249L b,OGLE-2019-BLG-0249L,1,1,Microlensing,2023,OGLE,-29.0146,-70.6926,11.561052,12.7,2262.93826,0,98.57,0.02,6370,0,1.84
OGLE-2019-BLG-0299L b,OGLE-2019-BLG-0299L,1,1,Microlensing,2021,OGLE,-29.0146,-70.6926,11.561052,12.7,1976.89269,0,98.57,0.02,5830,0,2.8
OGLE-2019-BLG-0304L b,OGLE-2019-BLG-0304L,2,1,Microlensing,2021,OGLE,-29.0146,-70.6926,11.561052,14.2,162.09249,0,98.57,0.02,6980,0,1.23
OGLE-2019-BLG-0362L b,OGLE-2019-BLG-0362L,1,1,Microlensing,2022,OGLE,-29.0146,-70.6926,11.561052,13.1,1036.12061,0,98.57,0.02,5830,0,2.18
OGLE-2019-BLG-0468L b,OGLE-2019-BLG-0468L,1,2,Microlensing,2022,OGLE,-29.0146,-70.6926,11.561052,13.1,1090.15144,0,98.57,0.02,4400,0,3.29
OGLE-2019-BLG-0468L c,OGLE-2019-BLG-0468L,1,2,Microlensing,2022,OGLE,-29.0146,-70.6926,11.561052,12.5,3248.20632,0,98.57,0.02,4400,0,2.77
OGLE-2019-BLG-0679L b,OGLE-2019-BLG-0679L,1,1,Microlensing,2023,OGLE,-29.0146,-70.6926,11.561052,13.1,1061.54688,0,98.57,0.02,5630,0,6.99
OGLE-2019-BLG-0954L b,OGLE-2019-BLG-0954L,1,1,Microlensing,2021,OGLE,-29.0146,-70.6926,11.561052,12.3,4513.16338,0,98.57,0.02,3630,0,2.65
OGLE-2019-BLG-0960L b,OGLE-2019-BLG-0960L,1,1,Microlensing,2021,OGLE,-29.0146,-70.6926,11.561052,1.39,2.5,0,98.57,0.02,980,0,1.9
OGLE-2019-BLG-1180L b,OGLE-2019-BLG-1180L,1,1,Microlensing,2023,OGLE,-29.0146,-70.6926,11.561052,13.5,555.24623,0,98.57,0.02,6070,0,5.19
OGLE-2019-BLG-1470L AB c,OGLE-2019-BLG-1470L A,2,1,Microlensing,2022,OGLE,-29.0146,-70.6926,11.561052,13.3,699.2225,0,98.57,0.02,5900,0,3.2
OGLE-2019-BLG-1492L b,OGLE-2019-BLG-1492L,1,1,Microlensing,2022,OGLE,-29.0146,-70.6926,11.561052,6.79,37.1,0,98.57,0.02,5600,0,2.7
55 Cnc e,55 Cnc,2,5,Radial Velocity,2004,McDonald Observatory,30.6695,-104.0202,0.7365474,1.875,7.99,0.05,2657.83,0.35,12.5855,4.43,0.01544
BD-210397 b,BD-210397,1,2,Radial Velocity,2023,La Silla Observatory,-29.25,-70.73333333,1891,14,214,0.1,0.02,0.12,23.7324,4.67,2.63
BD-210397 c,BD-210397,1,2,Radial Velocity,2023,La Silla Observatory,-29.25,-70.73333333,6240,12.9,1525.57635,0.43,0,0.12,23.7324,4.67,5.9
GJ 1061 b,GJ 1061,1,3,Radial Velocity,2020,La Silla Observatory,-29.25,-70.73333333,3.204,1.1,1.37,0.31,3.8,-0.08,3.67278,5.16,0.021
GJ 1061 c,GJ 1061,1,3,Radial Velocity,2020,La Silla Observatory,-29.25,-70.73333333,6.689,1.18,1.74,0.29,1.4,-0.08,3.67278,5.16,0.035
GJ 1061 d,GJ 1061,1,3,Radial Velocity,2020,La Silla Observatory,-29.25,-70.73333333,13.031,1.16,1.64,0.53,0.6,-0.08,3.67278,5.16,0.054
GJ 251 b,GJ 251,1,1,Radial Velocity,2020,W. M. Keck Observatory,19.82636111,-155.4750111,14.238,1.83,4,0.1,2.53,-0.03,5.58057,4.96,0.0818
GJ 273 b,GJ 273,1,2,Radial Velocity,2017,La Silla Observatory,-29.25,-70.73333333,18.6498,1.51,2.89,0.1,1.06,0.09,5.921535,4.91,0.091101
GJ 273 c,GJ 273,1,2,Radial Velocity,2017,La Silla Observatory,-29.25,-70.73333333,4.7234,1.06,1.18,0.17,6.66,0.09,5.921535,4.91,0.036467
GJ 3138 b,GJ 3138,1,3,Radial Velocity,2017,La Silla Observatory,-29.25,-70.73333333,1.22003,1.18,1.78,0.19,118.1,-0.3,28.4712,4.63,0.0197
GJ 3138 c,GJ 3138,1,3,Radial Velocity,2017,La Silla Observatory,-29.25,-70.73333333,5.974,1.88,4.18,0.11,13.9,-0.3,28.4712,4.63,0.057
GJ 3138 d,GJ 3138,1,3,Radial Velocity,2017,La Silla Observatory,-29.25,-70.73333333,257.8,3.23,10.5,0.32,0.1,-0.3,28.4712,4.63,0.698
GJ 3293 b,GJ 3293,1,4,Radial Velocity,2015,La Silla Observatory,-29.25,-70.73333333,30.5987,5.19,23.54,0.06,1.07,0.02,20.1903,4.78,0.14339
GJ 3293 c,GJ 3293,1,4,Radial Velocity,2015,La Silla Observatory,-29.25,-70.73333333,122.6196,4.87,21.09,0.11,0.17,0.02,20.1903,4.78,0.36175
GJ 3293 d,GJ 3293,1,4,Radial Velocity,2017,La Silla Observatory,-29.25,-70.73333333,48.1345,2.67,7.6,0.12,0.59,0.02,20.1903,4.78,0.19394
GJ 3293 e,GJ 3293,1,4,Radial Velocity,2017,La Silla Observatory,-29.25,-70.73333333,13.2543,1.63,3.28,0.21,3.34,0.02,20.1903,4.78,0.08208
GJ 3323 b,GJ 3323,1,2,Radial Velocity,2017,La Silla Observatory,-29.25,-70.73333333,5.3636,1.23,2.02,0.23,2.58,-0.27,5.37484,0,0.03282
GJ 3323 c,GJ 3323,1,2,Radial Velocity,2017,La Silla Observatory,-29.25,-70.73333333,40.54,1.32,2.31,0.17,0.17,-0.27,5.37484,0,0.1264
GJ 3470 b,GJ 3470,1,1,Radial Velocity,2012,La Silla Observatory,-29.25,-70.73333333,3.3366496,4.57,13.9,0.017,40.58,0.2,29.4214,4.7,0.0355
GJ 3473 c,GJ 3473,2,2,Radial Velocity,2020,Multiple Observatories,40,20,15.509,2.63,7.41,0,1.95,0.11,27.3644,4.81,0.0876
GJ 3929 c,GJ 3929,1,2,Radial Velocity,2022,Multiple Observatories,40,20,15.04,2.26,5.71,0,1.68,-0.02,15.8095,4.89,0.081
GJ 3988 b,GJ 3988,1,1,Radial Velocity,2023,Calar Alto Observatory,37.2208,-2.5456,6.9442,1.74,3.69,0,2.45,-0.12,9.9105,4.92,0.0405
GJ 411 b,GJ 411,1,2,Radial Velocity,2019,Haute-Provence Observatory,43.9254,5.7077,12.9394,1.45,2.69,0.063,3.13,-0.362,5.675773,4.9,0.07879
GJ 436 b,GJ 436,1,1,Radial Velocity,2004,W. M. Keck Observatory,19.82636111,-155.4750111,2.64388312,4.17,22.1,0.13827,29.43,0.099,9.75321,4.79,0.0291
GJ 486 b,GJ 486,1,1,Radial Velocity,2021,Calar Alto Observatory,37.2208,-2.5456,1.467119,1.305,2.82,0.05,40.3,0.07,8.07426,4.89,0.01734
GJ 514 b,GJ 514,1,1,Radial Velocity,2022,Multiple Observatories,40,20,140.43,2.13,5.2,0.45,0.28,-0.14,7.61778,4.76,0.422
GJ 724 b,GJ 724,1,1,Radial Velocity,2023,Calar Alto Observatory,37.2208,-2.5456,5.101284,3.27,10.75,0.577,23.32,-0.02,16.9658,4.88,0.04685
GJ 740 b,GJ 740,1,1,Radial Velocity,2021,Multiple Observatories,40,20,2.37756,1.53,2.96,0.24,79,0.08,11.1017,4.68,0.029
GJ 887 b,GJ 887,1,2,Radial Velocity,2020,La Silla Observatory,-29.25,-70.73333333,9.262,1.88,4.2,0,7.95,-0.06,3.29,4.78,0.068
HATS-59 c,HATS-59,1,2,Radial Velocity,2018,HATSouth,-31.2752,149.0686,1422,12.3,4036.441,0.083,0.16,0.18,642.884,4.42,2.504
HD 109286 b,HD 109286,1,1,Radial Velocity,2021,Haute-Provence Observatory,43.9254,5.7077,520.1,13.2,950.30694,0.338,0.71,0.05,55.4156,4.44,1.259
HD 110113 c,HD 110113,1,2,Radial Velocity,2021,La Silla Observatory,-29.25,-70.73333333,6.744,2.114,10.5,0.045,199.9,0.14,106.307,4.46,0.068
HD 115954 b,HD 115954,1,1,Radial Velocity,2021,Haute-Provence Observatory,43.9254,5.7077,3700,12.6,2685.65004,0.487,0.06,0.34,87.6437,4.15,5
HD 118203 b,HD 118203,1,1,Radial Velocity,2005,Haute-Provence Observatory,43.9254,5.7077,6.134985,12.733,688.41633,0.314,755.3,0.223,92.2589,3.89,0.07071
HD 136352 b,HD 136352,1,3,Radial Velocity,2019,La Silla Observatory,-29.25,-70.73333333,11.57797,1.664,4.72,0,111.6,-0.24,14.682,4.39,0.0964
HD 136352 c,HD 136352,1,3,Radial Velocity,2019,La Silla Observatory,-29.25,-70.73333333,27.59221,2.916,11.24,0,35.1,-0.24,14.682,4.39,0.1721
HD 136352 d,HD 136352,1,3,Radial Velocity,2019,La Silla Observatory,-29.25,-70.73333333,107.245,2.562,8.82,0,5.74,-0.24,14.682,4.39,0.425
HD 149026 b,HD 149026,1,1,Radial Velocity,2005,Subaru Telescope,19.8255,-155.476,2.87589,8.295,120.7754,0,1529.98,0.32,75.8643,4.37,0.04364
HD 164922 b,HD 164922,1,4,Radial Velocity,2005,W. M. Keck Observatory,19.82636111,-155.4750111,1207,13.3,116,0.08,0.16,0.18,22.0016,4.46,2.16
HD 164922 c,HD 164922,1,4,Radial Velocity,2016,Multiple Observatories,40,20,75.74,3.66,13,0.12,6.29,0.18,22.0016,4.46,0.341
HD 17156 b,HD 17156,1,1,Radial Velocity,2007,Subaru Telescope,19.8255,-155.476,21.21663,12.33,1115.5833,0.68,17.44,0.19,78.0863,4.2,0.16278
HD 176986 b,HD 176986,1,2,Radial Velocity,2017,Multiple Observatories,40,20,6.4898,2.26,5.74,0.066,83.5,0.03,27.7843,4.44,0.06296
HD 176986 c,HD 176986,1,2,Radial Velocity,2017,Multiple Observatories,40,20,16.8191,2.98,9.18,0.111,23.5,0.03,27.7843,4.44,0.11878
HD 189733 b,HD 189733,2,1,Radial Velocity,2005,Haute-Provence Observatory,43.9254,5.7077,2.21857567,12.666,359.1479,0,356,-0.02,19.7638,4.49,0.03126
HD 191939 e,HD 191939,1,6,Radial Velocity,2022,W. M. Keck Observatory,19.82636111,-155.4750111,101.12,13,112.2,0.031,3.9,-0.15,53.6089,4.3,0.407
HD 191939 g,HD 191939,1,6,Radial Velocity,2022,Multiple Observatories,40,20,284,3.74,13.5,0.03,0.99,-0.15,53.6089,4.3,0.812
HD 209458 b,HD 209458,1,1,Radial Velocity,1999,W. M. Keck Observatory,19.82636111,-155.4750111,3.52474859,15.581,232.0159,0,758.36,0.01,48.3016,4.45,0.04707
HD 211403 b,HD 211403,1,1,Radial Velocity,2021,Haute-Provence Observatory,43.9254,5.7077,223.8,12.8,1760.76937,0.084,3.44,0.18,83.0919,4.3,0.768
HD 219134 b,HD 219134,1,6,Radial Velocity,2015,Roque de los Muchachos Observatory,28.75472,-17.885,3.092926,1.602,4.74,0,176.2,0.11,6.53127,4.57,0.03876
HD 219134 c,HD 219134,1,6,Radial Velocity,2015,Roque de los Muchachos Observatory,28.75472,-17.885,6.76458,1.511,4.36,0.062,62.1,0.11,6.53127,4.57,0.0653
HD 219134 d,HD 219134,1,6,Radial Velocity,2015,Roque de los Muchachos Observatory,28.75472,-17.885,46.859,1.61,16.17,0.138,4.72,0.11,6.53127,4.57,0.237
HD 219134 f,HD 219134,1,6,Radial Velocity,2015,Multiple Observatories,40,20,22.717,1.31,7.3,0.148,12.38,0.11,6.53127,4.57,0.1463
HD 238090 b,HD 238090,1,1,Radial Velocity,2020,Multiple Observatories,40,20,13.671,2.52,6.89,0.3,8.1,-0.03,15.2354,4.7,0.0932
HD 27969 b,HD 27969,1,1,Radial Velocity,2021,Haute-Provence Observatory,43.9254,5.7077,654.5,12.9,1525.57635,0.182,0.76,0.18,67.9328,4.12,1.552
HD 3167 d,HD 3167,1,4,Radial Velocity,2017,Multiple Observatories,40,20,8.4112,1.92,4.33,0.12,88.9,0.04,47.2899,4.47,0.0763
HD 42618 b,HD 42618,1,1,Radial Velocity,2016,Multiple Observatories,40,20,149.61,3.89,14.4,0.19,3.16,-0.09,24.3358,4.44,0.554
HD 62364 b,HD 62364,1,2,Radial Velocity,2022,Multiple Observatories,40,20,5138,12.1,5965.6392,0.607,0.07,-0.11,53.112,4.14,6.15
HD 63935 c,HD 63935,1,2,Radial Velocity,2021,Multiple Observatories,40,20,21.4023,2.9,11.1,0,36.7,0.07,48.9739,4.38,0
HD 74698 b,HD 74698,1,2,Radial Velocity,2023,La Silla Observatory,-29.25,-70.73333333,15.017,5.12,23,0.1,123,0.07,52.0648,4.12,0.121
HD 74698 c,HD 74698,1,2,Radial Velocity,2023,La Silla Observatory,-29.25,-70.73333333,3449,14,126,0.2,0.09,0.07,52.0648,4.12,4.5
HD 7924 b,HD 7924,1,3,Radial Velocity,2008,W. M. Keck Observatory,19.82636111,-155.4750111,5.39792,2.4,6.3566,0.06,113.7,-0.21,16.9922,4.46,0.06
HD 7924 c,HD 7924,1,3,Radial Velocity,2015,W. M. Keck Observatory,19.82636111,-155.4750111,15.299,2.72,7.86,0.098,28.35,-0.15,16.9922,4.59,0.1134
HD 7924 d,HD 7924,1,3,Radial Velocity,2015,W. M. Keck Observatory,19.82636111,-155.4750111,24.451,2.42,6.44,0.21,15.17,-0.15,16.9922,4.59,0.1551
HD 80869 b,HD 80869,1,1,Radial Velocity,2021,Haute-Provence Observatory,43.9254,5.7077,1752.92067,12.8,1609.80088,0.924,0.14,0.17,85.3951,4.18,2.905
HD 94771 b,HD 94771,1,1,Radial Velocity,2023,La Silla Observatory,-29.25,-70.73333333,2164,14.2,169,0.39,0.27,0.22,57.7807,3.94,3.48
HD 95338 b,HD 95338,1,1,Radial Velocity,2020,Las Campanas Observatory,-29.0146,-70.6926,55.087,3.89,42.44,0.197,7.42,0.04,36.9941,4.54,0.262
HD 95544 b,HD 95544,1,1,Radial Velocity,2021,Haute-Provence Observatory,43.9254,5.7077,2041.54152,12.8,1913.64484,0.049,0.1,0.11,87.8049,4.07,3.166
HD 97658 b,HD 97658,1,1,Radial Velocity,2010,W. M. Keck Observatory,19.82636111,-155.4750111,9.4897116,2.12,8.3,0.05,41.92,-0.23,21.5618,4.64,0.0805
HIP 54597 b,HIP 54597,1,1,Radial Velocity,2023,La Silla Observatory,-29.25,-70.73333333,3274,13.3,762.78818,0.03,0.01,-0.22,39.7429,4.43,4
HN Lib b,HN Lib,1,1,Radial Velocity,2023,Calar Alto Observatory,37.2208,-2.5456,36.116,2.2,5.46,0.079,0.5,-0.18,6.24442,4.76,0.1417
K2-312 c,HD 80653,1,2,Radial Velocity,2023,Roque de los Muchachos Observatory,28.75472,-17.885,921.2,12.8,1719.45168,0,98.57,0.02,109.86,4.34,1.961
KELT-6 c,KELT-6,1,2,Radial Velocity,2015,Multiple Observatories,40,20,1276,13,1179.1493,0,98.57,0.02,240.726,4.12,2.39
KIC 3526061 b,KIC 3526061,1,1,Radial Velocity,2022,McDonald Observatory,30.6695,-104.0202,3552,12.1,5768.58559,0,98.57,0.02,401.229,3.09,5.14
Kapteyn c,Kapteyn,1,1,Radial Velocity,2014,Multiple Observatories,40,20,121.54,2.54,7,0,98.57,0.02,3.93305,4.92,0.311
Kepler-10 d,Kepler-10,1,3,Radial Velocity,2023,Roque de los Muchachos Observatory,28.75472,-17.885,151.04,3.61,12.68,0,98.57,0.02,185.506,4.34,0.5379
Kepler-129 d,Kepler-129,1,3,Radial Velocity,2021,W. M. Keck Observatory,19.82636111,-155.4750111,2646,12.6,2637.97578,0,98.57,0.02,408.845,4.08,4
Kepler-1656 c,Kepler-1656,1,2,Radial Velocity,2022,W. M. Keck Observatory,19.82636111,-155.4750111,1919,14,126.4,0,98.57,0.02,185.875,4.4,3.053
Kepler-19 d,Kepler-19,1,3,Radial Velocity,2017,Roque de los Muchachos Observatory,28.75472,-17.885,62.95,5.06,22.5,0,98.57,0.02,218.562,4.51,0
Kepler-20 g,Kepler-20,2,6,Radial Velocity,2016,Multiple Observatories,40,20,34.94,4.71,19.96,0,98.57,0.02,282.563,4.45,0.2055
Kepler-25 d,Kepler-25,2,3,Radial Velocity,2014,W. M. Keck Observatory,19.82636111,-155.4750111,122.4,10,71.9,0,98.57,0.02,243.249,4.28,0
Kepler-407 c,Kepler-407,1,2,Radial Velocity,2014,W. M. Keck Observatory,19.82636111,-155.4750111,3000,12.3,4000,0,98.57,0.02,338.368,4.43,0
Kepler-424 c,Kepler-424,1,2,Radial Velocity,2014,McDonald Observatory,30.6695,-104.0202,223.3,12.7,2215.18,0,98.57,0.02,698.646,4.5,0.73
Kepler-432 c,Kepler-432,2,2,Radial Velocity,2015,Fred Lawrence Whipple Observatory,31.68111111,-110.8780556,406.2,13.3,772.3269,0,98.57,0.02,848.023,3.35,0
Kepler-454 c,Kepler-454,2,3,Radial Velocity,2015,Multiple Facilities,75,-120,524.19,12.9,1433.40612,0,98.57,0.02,230.869,4.37,1.287
Kepler-454 d,Kepler-454,2,3,Radial Velocity,2023,Roque de los Muchachos Observatory,28.75472,-17.885,4073,13.3,734.18362,0,98.57,0.02,230.869,4.4,5.1
Kepler-48 e,Kepler-48,1,4,Radial Velocity,2014,W. M. Keck Observatory,19.82636111,-155.4750111,982,13.4,657,0,98.57,0.02,306.738,4.49,0
Kepler-56 d,Kepler-56,1,3,Radial Velocity,2016,Multiple Observatories,40,20,1002,12.8,1784,0,98.57,0.02,912.994,3.31,2.16
Kepler-65 e,Kepler-65,1,4,Radial Velocity,2019,W. M. Keck Observatory,19.82636111,-155.4750111,258.8,13.9,260,0,98.57,0.02,303.728,4.23,0
Kepler-68 d,Kepler-68,2,4,Radial Velocity,2013,W. M. Keck Observatory,19.82636111,-155.4750111,632.62,13.9,267,0,98.57,0.02,144.166,4.28,1.469
Kepler-68 e,Kepler-68,2,4,Radial Velocity,2023,Roque de los Muchachos Observatory,28.75472,-17.885,3455,11.2,86.44933,0,98.57,0.02,144.166,4.28,4.6
Kepler-88 d,KOI-142,1,3,Radial Velocity,2020,W. M. Keck Observatory,19.82636111,-155.4750111,1403,13.1,965.147,0,98.57,0.02,376.863,4.53,0
Kepler-94 c,Kepler-94,1,2,Radial Velocity,2014,W. M. Keck Observatory,19.82636111,-155.4750111,820.3,12.5,3126,0,98.57,0.02,191.904,4.59,0
L 363-38 b,L 363-38,1,1,Radial Velocity,2023,Paranal Observatory,-24.628,-70.40489,8.781,2,4.67,0,98.57,0.02,10.2295,4.97,0.048
L 98-59 e,L 98-59,1,4,Radial Velocity,2021,Multiple Observatories,40,20,12.796,1.56,3.06,0,98.57,0.02,10.6194,4.86,0.0717
LHS 3154 b,LHS 3154,1,1,Radial Velocity,2023,McDonald Observatory,30.6695,-104.0202,3.71778,3.69,13.15,0,98.57,0.02,15.7606,5.2,0.02262
LSPM J2116+0234 b,LSPM J2116+0234,1,1,Radial Velocity,2019,Calar Alto Observatory,37.2208,-2.5456,14.4399,3.71,13.3,0,98.57,0.02,17.6297,4.95,0.0876
NGC 2682 Sand 364 b,NGC 2682 Sand 364,1,1,Radial Velocity,2014,Multiple Observatories,40,20,121.71,12.7,2126.2827,0,98.57,0.02,817.192,2.2,0.53
NGC 2682 Sand 978 b,NGC 2682 Sand 978,1,1,Radial Velocity,2017,Multiple Observatories,40,20,511.21,13.3,692.8694,0,98.57,0.02,821.918,1.8,0
NGC 2682 YBP 1194 b,NGC 2682 YBP 1194,1,1,Radial Velocity,2014,Multiple Observatories,40,20,6.959,12.3,101.7056,0,98.57,0.02,872.92,4.44,0
NGC 2682 YBP 1514 b,NGC 2682 YBP 1514,1,1,Radial Velocity,2014,Multiple Observatories,40,20,5.118,14,127.132,0,98.57,0.02,914.221,4.57,0
NGC 2682 YBP 401 b,NGC 2682 YBP 401,1,1,Radial Velocity,2016,La Silla Observatory,-29.25,-70.73333333,4.087,14.3,146.2018,0,98.57,0.02,830.822,4.3,0
Pr0201 b,Pr0201,1,1,Radial Velocity,2012,Fred Lawrence Whipple Observatory,31.68111111,-110.8780556,4.4264,14.2,171.6282,0,98.57,0.02,180.64,4.41,0.06
Pr0211 b,Pr0211,2,2,Radial Velocity,2012,Fred Lawrence Whipple Observatory,31.68111111,-110.8780556,2.1461,13.4,597.5204,0,98.57,0.02,182.714,4.51,0.03176
Pr0211 c,Pr0211,2,2,Radial Velocity,2016,Roque de los Muchachos Observatory,28.75472,-17.885,4850,12.6,2475.8957,0,98.57,0.02,182.714,4.51,5.5
Proxima Cen b,Proxima Cen,3,1,Radial Velocity,2016,European Southern Observatory,48.2596,11.671,11.1868,1.03,1.07,0,98.57,0.02,1.30119,5.16,0.04856
Ross 128 b,Ross 128,1,1,Radial Velocity,2017,La Silla Observatory,-29.25,-70.73333333,9.8658,1.11,1.4,0,98.57,0.02,3.37454,5.05,0.0496
Ross 508 b,Ross 508,1,1,Radial Velocity,2022,Subaru Telescope,19.8255,-155.476,10.77,1.83,4,0,98.57,0.02,11.2103,5.04,0.05366
TAP 26 b,TAP 26,1,1,Radial Velocity,2017,Multiple Facilities,75,-120,10.79,13.5,527.5978,0,98.57,0.02,121.402,4.5,0.0968
TOI-1052 c,TOI-1052,1,2,Radial Velocity,2023,Multiple Observatories,40,20,35.806,6.48,34.3,0,98.57,0.02,129.804,4.3,0.2263
TOI-1062 c,TOI-1062,1,2,Radial Velocity,2021,Transiting Exoplanet Survey Satellite (TESS),30,-60,7.972,3.1,9.78,0,98.57,0.02,82.1733,4.55,0.08
TOI-1272 c,TOI-1272,1,2,Radial Velocity,2022,W. M. Keck Observatory,19.82636111,-155.4750111,8.689,5.59,26.7,0,98.57,0.02,137.572,4.55,0.0783
TOI-1288 c,TOI-1288,1,2,Radial Velocity,2022,Multiple Observatories,40,20,443,11,84,0,98.57,0.02,114.865,4.24,0
TOI-1338 c,TOI-1338 A,2,2,Radial Velocity,2023,Multiple Observatories,40,20,215.5,9.46,65.2,0,98.57,0.02,399.017,4.08,0.794
TOI-1444 c,TOI-1444,1,2,Radial Velocity,2021,W. M. Keck Observatory,19.82636111,-155.4750111,16.066,3.46,11.8,0,98.57,0.02,125.463,4.49,0
TOI-1669 b,TOI-1669,1,1,Radial Velocity,2023,W. M. Keck Observatory,19.82636111,-155.4750111,502,14.1,182.11568,0,98.57,0.02,111.276,4.28,0
TOI-1694 c,TOI-1694,1,2,Radial Velocity,2023,W. M. Keck Observatory,19.82636111,-155.4750111,389.2,13.8,333.71983,0,98.57,0.02,124.68,4.53,0
TOI-1736 c,TOI-1736,1,2,Radial Velocity,2023,Haute-Provence Observatory,43.9254,5.7077,570.1,12.5,2800,0,98.57,0.02,88.9482,4.35,1.381
TOI-4010 e,TOI-4010,1,4,Radial Velocity,2023,Roque de los Muchachos Observatory,28.75472,-17.885,762,13.3,692,0,98.57,0.02,177.504,4.54,1.57
TOI-431 c,TOI-431,1,3,Radial Velocity,2021,Transiting Exoplanet Survey Satellite (TESS),30,-60,4.8494,1.49,2.83,0,98.57,0.02,32.5686,4.6,0.052
TOI-500 c,TOI-500,1,4,Radial Velocity,2022,La Silla Observatory,-29.25,-70.73333333,6.6356,2.09,5.03,0,98.57,0.02,47.3924,4.62,0
TOI-500 d,TOI-500,1,4,Radial Velocity,2022,La Silla Observatory,-29.25,-70.73333333,26.233,6.35,33.12,0,98.57,0.02,47.3924,4.62,0
TOI-500 e,TOI-500,1,4,Radial Velocity,2022,La Silla Observatory,-29.25,-70.73333333,61.3,3.99,15.05,0,98.57,0.02,47.3924,4.62,0
TOI-544 c,TOI-544,1,2,Radial Velocity,2023,La Silla Observatory,-29.25,-70.73333333,50.089,4.92,21.5,0,98.57,0.02,41.1166,4.68,0
TOI-969 c,TOI-969,1,2,Radial Velocity,2022,Multiple Observatories,40,20,1700,12.4,3591.461,0,98.57,0.02,77.2554,4.55,2.52
TYC 0434-04538-1 b,TYC 0434-04538-1,1,1,Radial Velocity,2021,Multiple Observatories,40,20,193.2,12.7,1938.763,0,98.57,0.02,613.422,2.49,0.66
TYC 1422-614-1 b,TYC 1422-614-1,1,2,Radial Velocity,2014,Multiple Observatories,40,20,198.4,13.3,794.5,0,98.57,0.02,672.41,2.85,0.69
TYC 1422-614-1 c,TYC 1422-614-1,1,2,Radial Velocity,2014,Multiple Observatories,40,20,559.3,12.5,3178,0,98.57,0.02,672.41,2.85,1.37
TYC 2187-512-1 b,TYC 2187-512-1,1,1,Radial Velocity,2022,Calar Alto Observatory,37.2208,-2.5456,691.9,12.5,104.88337,0,98.57,0.02,15.4744,4.68,1.22
TYC 3318-01333-1 b,TYC 3318-01333-1,1,1,Radial Velocity,2018,Multiple Observatories,40,20,562,13.1,1086.9786,0,98.57,0.02,490.61,2.97,1.414
TYC 3667-1280-1 b,TYC 3667-1280-1,1,1,Radial Velocity,2016,McDonald Observatory,30.6695,-104.0202,26.468,12.8,1716.282,0,98.57,0.02,477.516,3.11,0.21
TYC 4282-00605-1 b,TYC 4282-00605-1,1,1,Radial Velocity,2017,Roque de los Muchachos Observatory,28.75472,-17.885,101.54,12.4,3426.2074,0,98.57,0.02,464.128,2,0.422
Teegarden's Star b,Teegarden's Star,1,2,Radial Velocity,2019,Calar Alto Observatory,37.2208,-2.5456,4.91,1.02,1.05,0,98.57,0.02,3.83078,5.27,0.0252
Teegarden's Star c,Teegarden's Star,1,2,Radial Velocity,2019,Calar Alto Observatory,37.2208,-2.5456,11.409,1.04,1.11,0,98.57,0.02,3.83078,5.27,0.0443
Wolf 1061 b,Wolf 1061,1,3,Radial Velocity,2015,La Silla Observatory,-29.25,-70.73333333,4.8869,1.21,1.91,0.15,7.34,-0.09,4.30592,4.9,0.0375
Wolf 1061 c,Wolf 1061,1,3,Radial Velocity,2015,La Silla Observatory,-29.25,-70.73333333,17.8719,1.66,3.41,0.11,1.3,-0.09,4.30592,4.9,0.089
Wolf 1061 d,Wolf 1061,1,3,Radial Velocity,2015,La Silla Observatory,-29.25,-70.73333333,217.21,2.69,7.7,0.55,0.06,-0.09,4.30592,4.9,0.47
YZ Cet b,YZ Cet,1,3,Radial Velocity,2017,La Silla Observatory,-29.25,-70.73333333,2.02087,0.913,0.7,0.06,8.21,-0.18,3.71207,5.17,0.01634
YZ Cet c,YZ Cet,1,3,Radial Velocity,2017,La Silla Observatory,-29.25,-70.73333333,3.05989,1.05,1.14,0,4.72,-0.18,3.71207,5.17,0.02156
YZ Cet d,YZ Cet,1,3,Radial Velocity,2017,La Silla Observatory,-29.25,-70.73333333,4.65626,1.03,1.09,0.07,2.7,-0.18,3.71207,5.17,0.02851
rho CrB b,rho CrB,1,4,Radial Velocity,1997,Fred Lawrence Whipple Observatory,31.68111111,-110.8780556,39.8438,13.7,347.38645,0.038,34.7,-0.2,17.4671,4.25,0.2245
rho CrB c,rho CrB,1,4,Radial Velocity,2016,Multiple Observatories,40,20,102.19,5.78,28.2,0.096,9.85,-0.2,17.4671,4.25,0.4206
EPIC 248847494 b,EPIC 248847494,1,1,Transit,2018,K2,0,0,3650,12.442,4131.79,0,0.19,-0.23,551.886,3.52,4.5
Kepler-139 b,Kepler-139,1,2,Transit,2014,Kepler,0,0,15.771044,2.94,8.96,0,98.57,0.02,391.038,4.25,0.127
Kepler-358 b,Kepler-358,1,2,Transit,2014,Kepler,0,0,34.060467,2.72,7.85,0,98.57,0.02,1101.1,4.5,0.21
Kepler-1673 b,Kepler-1673,1,1,Transit,2020,Kepler,0,0,33.7888,2.936,8.93,0,98.57,0.02,727.187,4.38,0.2127
Kepler-246 c,Kepler-246,1,2,Transit,2014,Kepler,0,0,11.187161,1.5,2.86,0,98.57,0.02,626.078,4.56,0.095
Kepler-1126 b,Kepler-1126,1,2,Transit,2016,Kepler,0,0,108.593329,1.73,3.64,0,98.57,0.02,635.736,4.46,0.4126
Kepler-290 d,Kepler-290,1,3,Transit,2023,Kepler,0,0,0.76401755,0.86,0.566,0,98.57,0.02,694.627,4.6,0.0154
Kepler-80 d,Kepler-80,1,6,Transit,2014,Kepler,0,0,3.07222,1.53,6.75,0,98.57,0.02,369.451,4.64,0.0372
TIC 279401253 b,TIC 279401253,1,2,Transit,2023,Transiting Exoplanet Survey Satellite (TESS),30,-60,76.8,11.209,1951.46642,0,98.57,0.02,285.584,4.44,0.369
K2-354 b,K2-354,1,1,Transit,2016,K2,0,0,3.793306,1.56,3.05,0,98.57,0.02,91.722,4.86,0
TOI-2145 b,TOI-2145,1,1,Transit,2023,Transiting Exoplanet Survey Satellite (TESS),30,-60,10.26075,11.982,1671.77742,0,98.57,0.02,224.731,3.79,0.1108
K2-224 b,K2-224,1,2,Transit,2018,K2,0,0,4.47904,1.56,3.05,0,98.57,0.02,275.255,4.55,0.0516
Kepler-1060 b,Kepler-1060,1,1,Transit,2016,Kepler,0,0,46.8779367,2.38,6.26,0,98.57,0.02,946.565,4.44,0.2495
Kepler-1210 b,Kepler-1210,1,1,Transit,2016,Kepler,0,0,8.07124073,1.7,3.53,0,98.57,0.02,1176.53,4.49,0.0753
TOI-270 c,TOI-270,1,3,Transit,2019,Transiting Exoplanet Survey Satellite (TESS),30,-60,5.6605731,2.355,6.15,0,98.57,0.02,22.4793,4.87,0.04526
Kepler-698 b,Kepler-698,1,1,Transit,2016,Kepler,0,0,16.32976218,3.68,13.1,0,98.57,0.02,1995.57,4.5,0.1255
Kepler-820 b,Kepler-820,1,1,Transit,2016,Kepler,0,0,127.8338098,6.09,30.8,0,98.57,0.02,1387.2,4.25,0.5829
TOI-257 b,TOI-257,1,1,Transit,2021,Transiting Exoplanet Survey Satellite (TESS),30,-60,18.38818,7.163,43.86032,0,98.57,0.02,76.9028,4.04,0.1528
TOI-2338 b,TOI-2338,1,1,Transit,2023,Transiting Exoplanet Survey Satellite (TESS),30,-60,22.65398,11.209,1900.61387,0,98.57,0.02,313.996,4.4,0.158
K2-331 c,K2-331,1,2,Transit,2018,K2,0,0,22.996591,2.72,7.85,0,98.57,0.02,211.43,4.43,0
Kepler-407 b,Kepler-407,1,2,Transit,2014,Kepler,0,0,0.66931,1.07,3.2,0,98.57,0.02,338.368,4.43,0.0149
K2-140 b,K2-140,1,1,Transit,2017,K2,0,0,6.569188,13.563,295.58042,0,204,0.1,347.917,4.4,0.068
Kepler-740 b,Kepler-740,1,1,Transit,2016,Kepler,0,0,3.58410122,4.57,18.9,0,98.57,0.02,1442.02,4.52,0.0462
Kepler-133 b,Kepler-133,1,2,Transit,2014,Kepler,0,0,8.129976,1.76,3.75,0,98.57,0.02,653.6,4.19,0.083
Kepler-96 b,Kepler-96,1,1,Transit,2014,Kepler,0,0,16.2385,2.67,8.46,0,98.57,0.02,122.881,4.42,0.1235
Kepler-542 b,Kepler-542,1,1,Transit,2016,Kepler,0,0,13.14497566,1.57,3.09,0,98.57,0.02,436.016,4.5,0.1038
Kepler-1225 b,Kepler-1225,1,1,Transit,2016,Kepler,0,0,7.01075434,1.82,3.97,0,98.57,0.02,1347.52,4.34,0.0771
TOI-3757 b,TOI-3757,1,1,Transit,2022,Transiting Exoplanet Survey Satellite (TESS),30,-60,3.438753,12,85.3,0,98.57,0.02,181.139,4.68,0.03845
Kepler-1402 b,Kepler-1402,1,1,Transit,2016,Kepler,0,0,2.03387914,0.76,0.363,0,98.57,0.02,1493.64,4.53,0.0322
K2-245 b,K2-245,1,1,Transit,2018,K2,0,0,11.89307,4.34,17.4,0,98.57,0.02,456.064,4.16,0.0959
K2-342 b,K2-342,1,1,Transit,2018,K2,0,0,11.561052,2.03,4.78,0,98.57,0.02,208.357,4.36,0
HATS-75 b,HATS-75,1,1,Transit,2021,HATSouth,-31.2752,149.0686,2.7886556,9.909,156.05375,0.064,59.26,0.522,194.964,4.68,0.032742
HD 18599 b,HD 18599,2,1,Transit,2022,Transiting Exoplanet Survey Satellite (TESS),30,-60,4.1374354,2.6,24.1,0.34,145,0,38.5653,4.54,0.048
WASP-73 b,WASP-73,1,1,Transit,2014,SuperWASP,28.76,-17.88,4.08722,15.917,908.9938,0,2242.36,0.14,316.678,3.93,0.05512
TOI-1266 b,TOI-1266,1,2,Transit,2020,Transiting Exoplanet Survey Satellite (TESS),30,-60,10.894843,2.37,13.5,0,98.57,0.02,36.0118,4.85,0.0736
WASP-117 b,WASP-117,1,1,Transit,2014,SuperWASP,28.76,-17.88,10.02165,11.882,95.349,0.3,211.79,-0.11,157.963,4.28,0.09459
K2-264 b,K2-264,1,2,Transit,2018,K2,0,0,5.840002,2.231,5.61,0,98.57,0.02,185.605,4.78,0.05023
Kepler-1695 b,Kepler-1695,1,1,Transit,2020,Kepler,0,0,4.7329,1.119,1.46,0,98.57,0.02,791.175,4.43,0.0529
Kepler-1394 b,Kepler-1394,1,1,Transit,2016,Kepler,0,0,3.93766373,1.39,2.51,0,98.57,0.02,640.409,3.84,0.0555
Kepler-590 b,Kepler-590,1,1,Transit,2016,Kepler,0,0,5.85296257,4.02,15.2,0,98.57,0.02,1421.81,4.35,0.0647
WASP-193 b,WASP-193,1,1,Transit,2023,WASP-South,-32.38,20.81,6.2463345,16.41,44.17815,0.056,413,-0.06,362.087,4.28,0.0676
K2-37 b,K2-37,1,3,Transit,2016,K2,0,0,4.44117,1.61,3.22,0,98.57,0.02,179.943,4.52,0.0511
KOI-1599.01,KOI-1599,1,2,Transit,2019,Kepler,0,0,20.4415,1.9,4.6,0,98.57,0.02,1131.64,4.47,0.14728
Kepler-1253 b,Kepler-1253,1,1,Transit,2016,Kepler,0,0,68.8861915,1.33,2.33,0,98.57,0.02,514.524,4.33,0.3133
Kepler-1325 b,Kepler-1325,1,1,Transit,2016,Kepler,0,0,33.8786838,2.86,8.55,0,98.57,0.02,973.368,4.5,0.2004
Kepler-1330 b,Kepler-1330,1,1,Transit,2016,Kepler,0,0,10.10769068,1.65,3.36,0,98.57,0.02,1720.48,4.48,0.0889
K2-287 b,K2-287,1,1,Transit,2018,K2,0,0,14.893291,9.494,100.11645,0,98.57,0.02,158.335,4.4,0.1206
Kepler-428 b,Kepler-428,1,1,Transit,2014,Kepler,0,0,3.52563254,12.11,403.63,0,98.57,0.02,686.284,4.57,0.0433
K2-95 b,K2-95,1,1,Transit,2016,K2,0,0,10.1346454,3.31,11,0,98.57,0.02,179.854,4.85,0.0525
Kepler-1370 b,Kepler-1370,1,2,Transit,2016,Kepler,0,0,20.2641684,1.84,4.04,0,98.57,0.02,1004.1,4.29,0.1495
Kepler-338 c,Kepler-338,1,4,Transit,2014,Kepler,0,0,24.310856,2.34,6.08,0,98.57,0.02,552.798,4.02,0.172
TOI-421 b,TOI-421,2,2,Transit,2020,Transiting Exoplanet Survey Satellite (TESS),30,-60,5.19672,2.68,7.17,0,98.57,0.02,74.7969,4.49,0.056
Kepler-337 b,Kepler-337,1,2,Transit,2014,Kepler,0,0,3.292781,1.54,2.99,0,98.57,0.02,677.975,4,0.045
Kepler-1337 b,Kepler-1337,1,1,Transit,2016,Kepler,0,0,24.4002549,2.41,6.39,0,98.57,0.02,601.629,4.64,0.1441
Kepler-1538 b,Kepler-1538,1,1,Transit,2016,Kepler,0,0,175.138819,2.82,8.35,0,98.57,0.02,1125.3,4.42,0.6095
Kepler-325 b,Kepler-325,1,3,Transit,2014,Kepler,0,0,4.544439,2.91,8.8,0,98.57,0.02,823.242,4.41,0.053
Kepler-318 b,Kepler-318,1,2,Transit,2014,Kepler,0,0,4.662715,4.71,19.9,0,98.57,0.02,489.141,4.33,0.056
Kepler-119 c,Kepler-119,1,2,Transit,2014,Kepler,0,0,4.125103,0.92,0.721,0,98.57,0.02,701.996,4.57,0.049
Kepler-323 b,Kepler-323,1,2,Transit,2014,Kepler,0,0,1.678328,1.381,3.9,0,98.57,0.02,454.883,4.38,0.02778
Kepler-1011 b,Kepler-1011,1,1,Transit,2016,Kepler,0,0,5.75322197,2.87,8.6,0,98.57,0.02,736.779,4.52,0.0633
Kepler-650 b,Kepler-650,1,1,Transit,2016,Kepler,0,0,3.03214559,2.96,9.06,0,98.57,0.02,884.378,4.21,0.0421
Kepler-918 b,Kepler-918,1,1,Transit,2016,Kepler,0,0,4.85386933,1.74,3.68,0,98.57,0.02,1025.03,4.37,0.0569
K2-348 c,K2-348,1,2,Transit,2018,K2,0,0,12.550171,2.67,7.61,0,98.57,0.02,201.856,4.5,0
K2-43 b,K2-43,1,2,Transit,2016,K2,0,0,3.471149,4.51,18.5,0,98.57,0.02,182.536,4.68,0.03784
Kepler-1705 b,Kepler-1705,1,2,Transit,2014,Kepler,0,0,9.03502,2.03,4.47,0,98.57,0.02,1633.49,4.3,0.08
WASP-4 b,WASP-4,1,1,Transit,2007,SuperWASP,28.76,-17.88,1.33823147,14.807,376.94638,0,1188.62,-0.07,267.206,4.47,0.0226
Kepler-401 b,Kepler-401,1,3,Transit,2014,Kepler,0,0,14.383035,1.71,3.57,0,98.57,0.02,965.56,4.25,0.122
CoRoT-20 b,CoRoT-20,1,2,Transit,2011,CoRoT,0,0,9.24285,9.416,1366.669,0.59,180.87,0.14,844.061,4.35,0.09
Kepler-1375 b,Kepler-1375,1,1,Transit,2016,Kepler,0,0,3.3004192,1.74,3.68,0,98.57,0.02,1430.84,4.11,0.0471
Kepler-1961 b,Kepler-1961,1,1,Transit,2021,Kepler,0,0,5.6047101,1.619,3.25,0,98.57,0.02,1042.45,4.59,0.0588
K2-207 b,K2-207,1,1,Transit,2018,K2,0,0,12.48749,2.606,7.3,0,98.57,0.02,363.064,4.41,0
K2-220 b,K2-220,1,1,Transit,2018,K2,0,0,13.683256,2.39,6.3,0,98.57,0.02,233.514,4.4,0.1104
Kepler-154 e,Kepler-154,1,5,Transit,2016,Kepler,0,0,3.93276465,1.5,2.86,0,98.57,0.02,915.212,4.45,0.047
KELT-11 b,KELT-11,1,1,Transit,2017,KELT-South,-32.3872,20.8117,4.7361,15.132,54.34893,0,98.57,0.02,99.1596,3.7,0.06229
HD 3167 b,HD 3167,1,4,Transit,2016,K2,0,0,0.959641,1.67,4.97,0,1650,0.04,47.2899,4.53,0.01796
Kepler-1991 c,Kepler-1991,1,2,Transit,2023,Kepler,0,0,22.79020351,2.57,7.13,0,98.57,0.02,855.82,4.35,0.1528
Kepler-1434 b,Kepler-1434,1,1,Transit,2016,Kepler,0,0,8.05333618,1.11,1.41,0,98.57,0.02,775.529,3.98,0.0894
Kepler-1177 b,Kepler-1177,1,1,Transit,2016,Kepler,0,0,106.247547,1.9,4.27,0,98.57,0.02,1299.97,4.46,0.4301
Kepler-1217 b,Kepler-1217,1,1,Transit,2016,Kepler,0,0,2.03232507,1.99,4.62,0,98.57,0.02,1347.71,4.4,0.0326
Kepler-342 c,Kepler-342,1,4,Transit,2014,Kepler,0,0,26.234138,1.96,4.5,0,98.57,0.02,781.611,4.19,0.185
Kepler-929 b,Kepler-929,1,1,Transit,2016,Kepler,0,0,0.92103214,1.11,1.41,0,98.57,0.02,1311.23,4.42,0.0192
Kepler-1805 b,Kepler-1805,1,1,Transit,2021,Kepler,0,0,8.84794044,1.545,3,0,98.57,0.02,221.639,4.72,0.0699
WASP-106 b,WASP-106,1,1,Transit,2014,SuperWASP,28.76,-17.88,9.28971,11.433,514.8846,0,315.86,-0.09,352.181,4.23,0.0917
Kepler-289 d,Kepler-289,1,3,Transit,2014,Kepler,0,0,66.0634,2.68,4,0,98.57,0.02,704.438,4.47,0.33
K2-97 b,K2-97,1,1,Transit,2016,K2,0,0,8.406726,10.61,152.5584,0,98.57,0.02,878.43,3.22,0.086
Kepler-374 b,Kepler-374,1,3,Transit,2014,Kepler,0,0,1.897806,1.03,1.08,0,98.57,0.02,1265.61,4.48,0.029
Kepler-336 b,Kepler-336,1,3,Transit,2014,Kepler,0,0,2.024823,1.02,1.04,0,98.57,0.02,768.86,4.26,0.033
Kepler-163 b,Kepler-163,1,2,Transit,2014,Kepler,0,0,7.810937,1.05,1.16,0,98.57,0.02,689.814,4.52,0.078
Kepler-1928 b,Kepler-1928,1,1,Transit,2021,Kepler,0,0,19.57783,1.992,4.63,0,98.57,0.02,326.362,4.53,0.194
Kepler-217 b,Kepler-217,1,3,Transit,2014,Kepler,0,0,5.374943,2.23,5.6,0,98.57,0.02,1104.64,4.03,0.065
Kepler-282 b,Kepler-282,1,4,Transit,2014,Kepler,0,0,9.220524,1.01,1.01,0,98.57,0.02,1337.61,4.46,0.082
Kepler-305 c,Kepler-305,1,4,Transit,2013,Kepler,0,0,8.291,3.3,6,0,98.57,0.02,868.477,4.51,0.0752
Kepler-897 b,Kepler-897,1,1,Transit,2016,Kepler,0,0,8.0472642,2.39,6.3,0,98.57,0.02,1519.25,4.41,0.077
Kepler-708 b,Kepler-708,1,1,Transit,2016,Kepler,0,0,3.16789194,2.93,8.91,0,98.57,0.02,1394.22,4.47,0.0426
Kepler-307 c,Kepler-307,1,2,Transit,2013,Kepler,0,0,13.0729,2.2,3.64,0,98.57,0.02,575.581,4.46,0.1068
Kepler-1290 b,Kepler-1290,1,1,Transit,2016,Kepler,0,0,4.69500134,1.42,2.6,0,98.57,0.02,1593.7,4.49,0.0557
Kepler-1542 c,Kepler-1542,1,4,Transit,2016,Kepler,0,0,2.89223021,0.65,0.208,0,98.57,0.02,399.114,4.41,0.0389
HATS-48 A b,HATS-48 A,2,1,Transit,2020,HATSouth,-31.2752,149.0686,3.1316666,8.967,77.23269,0.162,137.6,0.186,263.609,4.59,0.03769
Kepler-404 c,Kepler-404,1,2,Transit,2014,Kepler,0,0,14.751166,1.72,3.61,0,98.57,0.02,812.524,4.54,0.118
Kepler-956 b,Kepler-956,1,1,Transit,2016,Kepler,0,0,5.24867263,3,9.27,0,98.57,0.02,544.939,4.36,0.0596
Kepler-208 b,Kepler-208,1,4,Transit,2014,Kepler,0,0,4.22864,1.63,3.29,0,98.57,0.02,775.328,4.26,0.054
TOI-5344 b,TOI-5344,1,1,Transit,2023,Transiting Exoplanet Survey Satellite (TESS),30,-60,3.792622,10.604,130.9453,0,98.57,0.02,138.367,4.69,0.04041
HAT-P-15 b,HAT-P-15,1,1,Transit,2010,HATNet,31.6881,-110.8857,10.8635,11.882,616.5902,0.19,79.76,0.22,192.516,4.38,0.0965
HIP 116454 b,HIP 116454,2,1,Transit,2014,K2,0,0,9.0949,2.53,10.1,0.089,51.4,-0.16,62.4491,4.59,0.07765
WASP-58 b,WASP-58,2,1,Transit,2012,SuperWASP,28.76,-17.88,5.01718,16.029,308.2951,0,404.71,-0.45,290.404,4.27,0.0562
HD 89345 b,HD 89345,1,1,Transit,2018,K2,0,0,11.8143,7.398,34.9613,0.22,275.64,0.421,132.345,4.02,0.1066
Kepler-155 c,Kepler-155,1,2,Transit,2014,Kepler,0,0,52.661793,2.24,5.65,0,98.57,0.02,293.499,4.68,0.242
K2-261 b,K2-261,1,1,Transit,2018,K2,0,0,11.633478,9.528,59.75174,0,98.57,0.02,213.283,4.04,0.1034
Kepler-511 c,Kepler-511,1,2,Transit,2021,Kepler,0,0,26.62949944,4.21,16.5,0,98.57,0.02,651.999,4.12,0.1722
Kepler-1418 b,Kepler-1418,1,1,Transit,2016,Kepler,0,0,22.4764425,1.66,3.39,0,98.57,0.02,499,4.61,0.131
HD 23472 b,HD 23472,1,5,Transit,2019,Transiting Exoplanet Survey Satellite (TESS),30,-60,17.667087,2,8.32,0.072,16,-0.2,39.0341,4.53,0.1162
Kepler-1818 b,Kepler-1818,1,1,Transit,2021,Kepler,0,0,4.64490986,1.714,3.58,0,98.57,0.02,1034.59,4.34,0.055
K2-119 b,K2-119,1,1,Transit,2017,K2,0,0,7.727283,2.53,6.94,0.07,54.9,-0.05,365.581,4.62,0.0698
Kepler-1848 b,Kepler-1848,1,1,Transit,2021,Kepler,0,0,5.60402012,1.409,2.57,0,98.57,0.02,309.696,4.58,0.0563
Kepler-226 c,Kepler-226,1,3,Transit,2014,Kepler,0,0,5.349555,2.27,45.2,0,98.57,0.02,980.138,4.59,0.058
Qatar-8 b,Qatar-8,1,1,Transit,2019,Qatar,25.354826,51.183884,3.71495,14.404,117.91493,0,98.57,0.02,281.498,4.21,0.0474
LTT 1445 A c,LTT 1445 A,3,2,Transit,2022,Transiting Exoplanet Survey Satellite (TESS),30,-60,3.1239035,1.147,1.54,0,98.57,0.02,6.86929,4.95,0.02661
Kepler-183 b,Kepler-183,1,2,Transit,2014,Kepler,0,0,5.687945,2.06,4.9,0,98.57,0.02,1050.64,4.5,0.064
K2-275 c,K2-275,1,2,Transit,2018,K2,0,0,8.4388385,2.21,5.52,0,98.57,0.02,123.438,4.65,0.0881
Kepler-835 b,Kepler-835,1,1,Transit,2016,Kepler,0,0,11.41909375,2.79,8.2,0,98.57,0.02,2406.33,4.38,0.107
Kepler-763 b,Kepler-763,1,3,Transit,2016,Kepler,0,0,1.19655156,1.22,1.98,0,98.57,0.02,962.459,4.57,0.0205
Kepler-311 d,Kepler-311,1,3,Transit,2023,Kepler,0,0,232.040326,2.05,4.86,0,98.57,0.02,778.654,4.3,0.7326
Kepler-56 b,Kepler-56,1,3,Transit,2012,Kepler,0,0,10.5016,6.51,22.1,0,98.57,0.02,912.994,3.31,0.1028
K2-128 b,K2-128,1,1,Transit,2017,K2,0,0,5.675819,1.42,2.6,0.23,68.8,-0.26,114.637,4.7,0.056
Kepler-44 b,Kepler-44,1,1,Transit,2011,Kepler,0,0,3.2467293,12.22,317.82,0,98.57,0.02,1188,4.22,0.0446
K2-10 b,K2-10,1,1,Transit,2015,K2,0,0,19.3044,3.84,27,0.31,54.1,-0.07,272.36,4.5,0.137
Kepler-1254 b,Kepler-1254,1,3,Transit,2016,Kepler,0,0,9.99113313,1.55,3.02,0,98.57,0.02,622.818,4.59,0.0833
Kepler-300 c,Kepler-300,1,2,Transit,2014,Kepler,0,0,40.714955,2.25,5.69,0,98.57,0.02,1098.45,4.53,0.232
Kepler-712 c,Kepler-712,1,2,Transit,2016,Kepler,0,0,226.89047,4.85,21,0,98.57,0.02,872.493,4.58,0.6732
Kepler-184 d,Kepler-184,1,3,Transit,2014,Kepler,0,0,29.022358,2.49,6.76,0,98.57,0.02,610.326,4.51,0.179
V1298 Tau c,V1298 Tau,3,4,Transit,2019,K2,0,0,8.24958,5.59,76.27882,0.43,146,0.1,108.199,4.25,0.0825
Kepler-830 b,Kepler-830,1,1,Transit,2016,Kepler,0,0,11.29695137,1.7,3.53,0,98.57,0.02,1122,4.38,0.1033
TOI-3785 b,TOI-3785,1,1,Transit,2023,Transiting Exoplanet Survey Satellite (TESS),30,-60,4.6747373,5.14,14.95,0,98.57,0.02,79.7634,4.75,0.043
